date,repository,stars,timestamp,url
2017-01-27,conda/conda,1072,20170127001947,https://web.archive.org/web/20170127001947id_/https://github.com/conda/conda/
2017-04-25,conda/conda,1264,20170425224207,https://web.archive.org/web/20170425224207id_/https://github.com/conda/conda/
2017-05-30,conda/conda,1311,20170530082010,https://web.archive.org/web/20170530082010id_/https://github.com/conda/conda
2017-08-17,conda/conda,1441,20170817103340,https://web.archive.org/web/20170817103340id_/https://github.com/conda/conda
2018-06-11,conda/conda,2203,20180611004732,https://web.archive.org/web/20180611004732id_/https://github.com/conda/conda
2018-10-31,conda/conda,2474,20181031171608,https://web.archive.org/web/20181031171608id_/https://github.com/conda/conda
2019-02-16,conda/conda,2712,20190216185201,https://web.archive.org/web/20190216185201id_/https://github.com/conda/conda
2019-03-31,conda/conda,2815,20190331235211,https://web.archive.org/web/20190331235211id_/https://github.com/conda/conda
2019-05-20,conda/conda,2916,20190520142122,https://web.archive.org/web/20190520142122id_/https://github.com/conda/conda
2019-06-11,mamba-org/mamba,75,20190611120403,https://web.archive.org/web/20190611120403id_/https://github.com/QuantStack/mamba
2019-07-14,conda/conda,3057,20190714175245,https://web.archive.org/web/20190714175245id_/https://github.com/conda/conda
2019-07-17,mamba-org/mamba,160,20190717025039,https://web.archive.org/web/20190717025039id_/https://github.com/QuantStack/mamba
2019-08-25,conda/conda,3128,20190825220601,https://web.archive.org/web/20190825220601id_/https://github.com/conda/conda/
2020-01-03,mamba-org/mamba,227,20200103191413,https://web.archive.org/web/20200103191413id_/https://github.com/quantstack/mamba
2020-02-12,conda/conda,3424,20200212153534,https://web.archive.org/web/20200212153534id_/https://github.com/conda/conda
2020-07-08,mamba-org/mamba,468,20200708200034,https://web.archive.org/web/20200708200034id_/https://github.com/TheSnakePit/mamba
2020-09-17,conda/conda,3803,20200917042659,https://web.archive.org/web/20200917042659id_/https://github.com/conda/conda
2020-10-23,conda/conda,3852,20201023132528,https://web.archive.org/web/20201023132528id_/https://github.com/conda/conda
2020-11-01,mamba-org/mamba,780,20201101133003,https://web.archive.org/web/20201101133003id_/https://github.com/mamba-org/mamba
2020-11-11,conda/conda,3879,20201111232534,https://web.archive.org/web/20201111232534id_/https://github.com/conda/conda/
2020-12-23,mamba-org/mamba,904,20201223235222,https://web.archive.org/web/20201223235222id_/https://github.com/mamba-org/mamba
2021-01-01,conda/conda,3956,20210101013910,https://web.archive.org/web/20210101013910id_/https://github.com/conda/conda
2021-02-09,mamba-org/mamba,1159,20210209233705,https://web.archive.org/web/20210209233705id_/https://github.com/mamba-org/mamba
2021-03-19,mamba-org/mamba,1296,20210319032332,https://web.archive.org/web/20210319032332id_/https://github.com/mamba-org/mamba
2021-03-24,conda/conda,4073,20210324223256,https://web.archive.org/web/20210324223256id_/https://github.com/conda/conda/
2021-04-01,mamba-org/mamba,1388,20210401173243,https://web.archive.org/web/20210401173243id_/https://github.com/mamba-org/mamba
2021-04-15,conda/conda,4105,20210415140100,https://web.archive.org/web/20210415140100id_/https://github.com/conda/conda
2021-05-01,mamba-org/mamba,1522,20210501123759,https://web.archive.org/web/20210501123759id_/https://github.com/mamba-org/mamba
2021-06-01,mamba-org/mamba,1637,20210601100552,https://web.archive.org/web/20210601100552id_/https://github.com/mamba-org/mamba
2021-07-02,mamba-org/mamba,1783,20210702180025,https://web.archive.org/web/20210702180025id_/https://github.com/mamba-org/mamba
2021-07-19,conda/conda,4206,20210719015035,https://web.archive.org/web/20210719015035id_/https://github.com/conda/conda
2021-08-10,mamba-org/mamba,1964,20210810133151,https://web.archive.org/web/20210810133151id_/https://github.com/mamba-org/mamba
2021-08-29,conda/conda,4262,20210829073327,https://web.archive.org/web/20210829073327id_/https://github.com/conda/conda/
2021-09-03,conda/conda,4276,20210903152901,https://web.archive.org/web/20210903152901id_/https://github.com/conda/conda
2021-09-21,mamba-org/mamba,2112,20210921133534,https://web.archive.org/web/20210921133534id_/https://github.com/mamba-org/mamba
2021-10-28,conda/conda,4361,20211028162727,https://web.archive.org/web/20211028162727id_/https://github.com/conda/conda
2021-10-28,mamba-org/mamba,2298,20211028131420,https://web.archive.org/web/20211028131420id_/https://github.com/mamba-org/mamba
2021-11-10,conda/conda,4379,20211110155214,https://web.archive.org/web/20211110155214id_/https://github.com/conda/conda
2021-11-24,mamba-org/mamba,2428,20211124083903,https://web.archive.org/web/20211124083903id_/https://github.com/mamba-org/mamba
2021-12-13,conda/conda,4427,20211213054707,https://web.archive.org/web/20211213054707id_/https://github.com/conda/conda
2021-12-14,mamba-org/mamba,2517,20211214091527,https://web.archive.org/web/20211214091527id_/https://github.com/mamba-org/mamba
2022-01-05,mamba-org/mamba,2566,20220105105813,https://web.archive.org/web/20220105105813id_/https://github.com/mamba-org/mamba
2022-02-01,conda/conda,4488,20220201094940,https://web.archive.org/web/20220201094940id_/https://github.com/conda/conda
2022-02-23,mamba-org/mamba,2799,20220223220008,https://web.archive.org/web/20220223220008id_/https://github.com/mamba-org/mamba
2022-03-04,conda/conda,4538,20220304013211,https://web.archive.org/web/20220304013211id_/https://github.com/conda/conda
2022-03-08,mamba-org/mamba,2830,20220308000833,https://web.archive.org/web/20220308000833id_/https://github.com/mamba-org/mamba
2022-04-01,mamba-org/mamba,2927,20220401203535,https://web.archive.org/web/20220401203535id_/https://github.com/mamba-org/mamba
2022-04-05,conda/conda,4587,20220405191512,https://web.archive.org/web/20220405191512id_/https://github.com/conda/conda
2022-05-08,conda/conda,4649,20220508122409,https://web.archive.org/web/20220508122409id_/https://github.com/conda/conda
2022-05-10,mamba-org/mamba,3112,20220510025553,https://web.archive.org/web/20220510025553id_/https://github.com/mamba-org/mamba
2022-06-01,mamba-org/mamba,3181,20220601051307,https://web.archive.org/web/20220601051307id_/https://github.com/mamba-org/mamba
2022-07-11,mamba-org/mamba,3359,20220711201249,https://web.archive.org/web/20220711201249id_/https://github.com/mamba-org/mamba
2022-08-20,mamba-org/mamba,3532,20220820061003,https://web.archive.org/web/20220820061003id_/https://github.com/mamba-org/mamba
2022-08-30,conda/conda,4851,20220830150434,https://web.archive.org/web/20220830150434id_/https://github.com/conda/conda
2022-09-01,mamba-org/mamba,3578,20220901185658,https://web.archive.org/web/20220901185658id_/https://github.com/mamba-org/mamba
2022-09-06,conda/conda,4859,20220906135639,https://web.archive.org/web/20220906135639id_/https://github.com/conda/conda
2022-10-09,mamba-org/mamba,3732,20221009170835,https://web.archive.org/web/20221009170835id_/https://github.com/mamba-org/mamba
2022-10-10,conda/conda,4913,20221010170800,https://web.archive.org/web/20221010170800id_/https://github.com/conda/conda
2022-11-07,mamba-org/mamba,3847,20221107174920,https://web.archive.org/web/20221107174920id_/https://github.com/mamba-org/mamba
2022-11-18,conda/conda,4990,20221118090448,https://web.archive.org/web/20221118090448id_/https://github.com/conda/conda
2022-12-02,mamba-org/mamba,3931,20221202224102,https://web.archive.org/web/20221202224102id_/https://github.com/mamba-org/mamba
2022-12-03,conda/conda,5015,20221203055243,https://web.archive.org/web/20221203055243id_/https://github.com/conda/conda
2023-01-06,conda/conda,5088,20230106011650,https://web.archive.org/web/20230106011650id_/https://github.com/conda/conda
2023-01-11,mamba-org/mamba,4074,20230111020320,https://web.archive.org/web/20230111020320id_/https://github.com/mamba-org/mamba
2023-02-08,mamba-org/mamba,4169,20230208041226,https://web.archive.org/web/20230208041226id_/https://github.com/mamba-org/mamba
2023-03-12,mamba-org/mamba,4309,20230312034935,https://web.archive.org/web/20230312034935id_/https://github.com/mamba-org/mamba
2023-03-24,conda/conda,5265,20230324045700,https://web.archive.org/web/20230324045700id_/https://github.com/conda/conda/
2023-04-03,mamba-org/mamba,4438,20230403194033,https://web.archive.org/web/20230403194033id_/https://github.com/mamba-org/mamba
2023-04-13,conda/conda,5346,20230413235204,https://web.archive.org/web/20230413235204id_/https://github.com/conda/conda
2023-05-18,conda/conda,5444,20230518071139,https://web.archive.org/web/20230518071139id_/https://github.com/conda/conda
2023-05-24,mamba-org/mamba,4693,20230524024125,https://web.archive.org/web/20230524024125id_/https://github.com/mamba-org/mamba
2023-06-09,conda/conda,5496,20230609010453,https://web.archive.org/web/20230609010453id_/https://github.com/conda/conda
2023-07-17,prefix-dev/pixi,91,20230717093110,https://web.archive.org/web/20230717093110id_/https://github.com/prefix-dev/pixi
2023-07-26,mamba-org/mamba,4944,20230726114345,https://web.archive.org/web/20230726114345id_/https://github.com/mamba-org/mamba
2023-08-07,mamba-org/mamba,5004,20230807134652,https://web.archive.org/web/20230807134652id_/https://github.com/mamba-org/mamba
2023-08-08,conda/conda,5634,20230808140609,https://web.archive.org/web/20230808140609id_/https://github.com/conda/conda
2023-08-18,prefix-dev/pixi,264,20230818030711,https://web.archive.org/web/20230818030711id_/https://github.com/prefix-dev/pixi
2023-09-15,mamba-org/mamba,5167,20230915132328,https://web.archive.org/web/20230915132328id_/https://github.com/mamba-org/mamba
2023-09-23,conda/conda,5709,20230923223651,https://web.archive.org/web/20230923223651id_/https://github.com/conda/conda/
2023-10-07,mamba-org/mamba,5227,20231007005329,https://web.archive.org/web/20231007005329id_/https://github.com/mamba-org/mamba
2023-10-10,conda/conda,5737,20231010184001,https://web.archive.org/web/20231010184001id_/https://github.com/conda/conda/
2023-10-20,prefix-dev/pixi,925,20231020023224,https://web.archive.org/web/20231020023224id_/https://github.com/prefix-dev/pixi
2023-11-07,conda/conda,5796,20231107130648,https://web.archive.org/web/20231107130648id_/https://github.com/conda/conda
2023-11-07,mamba-org/mamba,5339,20231107003836,https://web.archive.org/web/20231107003836id_/https://github.com/mamba-org/mamba
2023-12-08,mamba-org/mamba,5498,20231208213659,https://web.archive.org/web/20231208213659id_/https://github.com/mamba-org/mamba
2023-12-18,prefix-dev/pixi,1270,20231218081509,https://web.archive.org/web/20231218081509id_/https://github.com/prefix-dev/pixi
2023-12-24,conda/conda,5893,20231224015504,https://web.archive.org/web/20231224015504id_/https://github.com/conda/conda
2024-01-11,conda/conda,5922,20240111230817,https://web.archive.org/web/20240111230817id_/https://github.com/conda/conda
2024-01-17,mamba-org/mamba,5704,20240117135602,https://web.archive.org/web/20240117135602id_/https://github.com/mamba-org/mamba
2024-02-04,conda/conda,5957,20240204003504,https://web.archive.org/web/20240204003504id_/https://github.com/conda/conda
2024-02-08,prefix-dev/pixi,1473,20240208232838,https://web.archive.org/web/20240208232838id_/https://github.com/prefix-dev/pixi
2024-03-02,mamba-org/mamba,5942,20240302014044,https://web.archive.org/web/20240302014044id_/https://github.com/mamba-org/mamba
2024-03-20,prefix-dev/pixi,1654,20240320082703,https://web.archive.org/web/20240320082703id_/https://github.com/prefix-dev/pixi
2024-03-31,conda/conda,6054,20240331135756,https://web.archive.org/web/20240331135756id_/https://github.com/conda/conda
2024-04-07,conda/conda,6061,20240407002020,https://web.archive.org/web/20240407002020id_/https://github.com/conda/conda
2024-05-17,conda/conda,6135,20240517174144,https://web.archive.org/web/20240517174144id_/https://github.com/conda/conda
2024-05-20,mamba-org/mamba,6358,20240520094145,https://web.archive.org/web/20240520094145id_/https://github.com/mamba-org/mamba
2024-06-08,mamba-org/mamba,6420,20240608222506,https://web.archive.org/web/20240608222506id_/https://github.com/mamba-org/mamba
2024-06-19,prefix-dev/pixi,2143,20240619161731,https://web.archive.org/web/20240619161731id_/https://github.com/prefix-dev/pixi
2024-06-22,conda/conda,6209,20240622112739,https://web.archive.org/web/20240622112739id_/https://github.com/conda/conda
2024-07-09,prefix-dev/pixi,2288,20240709124009,https://web.archive.org/web/20240709124009id_/https://github.com/prefix-dev/pixi
2024-07-12,mamba-org/mamba,6558,20240712091250,https://web.archive.org/web/20240712091250id_/https://github.com/mamba-org/mamba
2024-07-23,conda/conda,6260,20240723122438,https://web.archive.org/web/20240723122438id_/https://github.com/conda/conda
2024-08-01,mamba-org/mamba,6612,20240801084353,https://web.archive.org/web/20240801084353id_/https://github.com/mamba-org/mamba
2024-08-03,conda/conda,6283,20240803170410,https://web.archive.org/web/20240803170410id_/https://github.com/conda/conda
2024-08-09,prefix-dev/pixi,2620,20240809123226,https://web.archive.org/web/20240809123226id_/https://github.com/prefix-dev/pixi
2024-09-09,mamba-org/mamba,6721,20240909013224,https://web.archive.org/web/20240909013224id_/https://github.com/mamba-org/mamba
2024-09-09,prefix-dev/pixi,2889,20240909013304,https://web.archive.org/web/20240909013304id_/https://github.com/prefix-dev/pixi
2024-09-18,conda/conda,6347,20240918221521,https://web.archive.org/web/20240918221521id_/https://github.com/conda/conda
2024-10-01,conda/conda,6377,20241001015717,https://web.archive.org/web/20241001015717id_/https://github.com/conda/conda
2024-10-03,mamba-org/mamba,6791,20241003063930,https://web.archive.org/web/20241003063930id_/https://github.com/mamba-org/mamba
2024-10-07,prefix-dev/pixi,3043,20241007022514,https://web.archive.org/web/20241007022514id_/https://github.com/prefix-dev/pixi
2024-11-13,mamba-org/mamba,6918,20241113090502,https://web.archive.org/web/20241113090502id_/https://github.com/mamba-org/mamba
2024-11-14,prefix-dev/pixi,3313,20241114070447,https://web.archive.org/web/20241114070447id_/https://github.com/prefix-dev/pixi
2024-11-19,conda/conda,6456,20241119021944,https://web.archive.org/web/20241119021944id_/https://github.com/conda/conda
2024-12-03,mamba-org/mamba,6978,20241203060659,https://web.archive.org/web/20241203060659id_/https://github.com/mamba-org/mamba
2024-12-06,prefix-dev/pixi,3455,20241206012815,https://web.archive.org/web/20241206012815id_/https://github.com/prefix-dev/pixi
2024-12-16,conda/conda,6509,20241216164736,https://web.archive.org/web/20241216164736id_/https://github.com/conda/conda
2025-01-05,conda/conda,6537,20250105051755,https://web.archive.org/web/20250105051755id_/https://github.com/conda/conda
2025-01-09,prefix-dev/pixi,3650,20250109042439,https://web.archive.org/web/20250109042439id_/https://github.com/prefix-dev/pixi/
2025-01-10,mamba-org/mamba,7063,20250110191047,https://web.archive.org/web/20250110191047id_/https://github.com/mamba-org/mamba
2025-02-08,prefix-dev/pixi,3830,20250208162708,https://web.archive.org/web/20250208162708id_/https://github.com/prefix-dev/pixi
2025-02-10,conda/conda,6597,20250210005330,https://web.archive.org/web/20250210005330id_/https://github.com/conda/conda
2025-02-10,mamba-org/mamba,7117,20250210173548,https://web.archive.org/web/20250210173548id_/https://github.com/mamba-org/mamba
2025-03-04,mamba-org/mamba,7175,20250304001619,https://web.archive.org/web/20250304001619id_/https://github.com/mamba-org/mamba
2025-03-17,prefix-dev/pixi,4026,20250317224556,https://web.archive.org/web/20250317224556id_/https://github.com/prefix-dev/pixi
2025-03-18,conda/conda,6738,20250318051127,https://web.archive.org/web/20250318051127id_/https://github.com/conda/conda
2025-04-01,prefix-dev/pixi,4128,20250401003221,https://web.archive.org/web/20250401003221id_/https://github.com/prefix-dev/pixi
2025-04-02,mamba-org/mamba,7258,20250402061821,https://web.archive.org/web/20250402061821id_/https://github.com/mamba-org/mamba
2025-04-15,conda/conda,6816,20250415002131,https://web.archive.org/web/20250415002131id_/https://github.com/conda/conda
2025-05-04,mamba-org/mamba,7349,20250504230322,https://web.archive.org/web/20250504230322id_/https://github.com/mamba-org/mamba
2025-05-09,prefix-dev/pixi,4378,20250509160819,https://web.archive.org/web/20250509160819id_/https://github.com/prefix-dev/pixi
2025-05-14,conda/conda,6887,20250514184644,https://web.archive.org/web/20250514184644id_/https://github.com/conda/conda
2025-06-02,mamba-org/mamba,7402,20250602124207,https://web.archive.org/web/20250602124207id_/https://github.com/mamba-org/mamba
2025-06-04,conda/conda,6928,20250604023648,https://web.archive.org/web/20250604023648id_/https://github.com/conda/conda
2025-06-07,prefix-dev/pixi,4562,20250607123920,https://web.archive.org/web/20250607123920id_/https://github.com/prefix-dev/pixi
2025-07-02,conda/conda,6980,20250702210828,https://web.archive.org/web/20250702210828id_/https://github.com/conda/conda
2025-07-02,mamba-org/mamba,7468,20250702150324,https://web.archive.org/web/20250702150324id_/https://github.com/mamba-org/mamba
2025-07-15,prefix-dev/pixi,4831,20250715025218,https://web.archive.org/web/20250715025218id_/https://github.com/prefix-dev/pixi/
2025-08-04,conda/conda,7015,20250804132923,https://web.archive.org/web/20250804132923id_/https://github.com/conda/conda
2025-08-10,prefix-dev/pixi,4998,20250810131403,https://web.archive.org/web/20250810131403id_/https://github.com/prefix-dev/pixi
2025-08-19,mamba-org/mamba,7592,20250819010052,https://web.archive.org/web/20250819010052id_/https://github.com/mamba-org/mamba
2025-09-03,prefix-dev/pixi,5162,20250903032754,https://web.archive.org/web/20250903032754id_/https://github.com/prefix-dev/pixi
2025-09-05,conda/conda,7082,20250905170032,https://web.archive.org/web/20250905170032id_/https://github.com/conda/conda
2025-09-18,mamba-org/mamba,7645,20250918152615,https://web.archive.org/web/20250918152615id_/https://github.com/mamba-org/mamba
2025-10-03,prefix-dev/pixi,5361,20251003125205,https://web.archive.org/web/20251003125205id_/https://github.com/prefix-dev/pixi
2025-10-06,conda/conda,7122,20251006171653,https://web.archive.org/web/20251006171653id_/https://github.com/conda/conda
2025-11-06,conda/conda,7175,20251106030920,https://web.archive.org/web/20251106030920id_/https://github.com/conda/conda
2025-11-08,mamba-org/mamba,7740,20251108042958,https://web.archive.org/web/20251108042958id_/https://github.com/mamba-org/mamba
2025-12-01,prefix-dev/pixi,5778,20251201040019,https://web.archive.org/web/20251201040019id_/https://github.com/prefix-dev/pixi
2025-12-02,conda/conda,7219,20251202125535,https://web.archive.org/web/20251202125535id_/https://github.com/conda/conda/
2025-12-05,mamba-org/mamba,7808,20251205003114,https://web.archive.org/web/20251205003114id_/https://github.com/mamba-org/mamba
2026-01-01,mamba-org/mamba,7851,20260101062534,https://web.archive.org/web/20260101062534id_/https://github.com/mamba-org/mamba
2026-01-01,prefix-dev/pixi,6008,20260101064207,https://web.archive.org/web/20260101064207id_/https://github.com/prefix-dev/pixi
2026-01-11,conda/conda,7274,20260111205210,https://web.archive.org/web/20260111205210id_/https://github.com/conda/conda/
2026-02-01,prefix-dev/pixi,6269,20260201001911,https://web.archive.org/web/20260201001911id_/https://github.com/prefix-dev/pixi
2026-02-02,conda/conda,7292,20260202094451,https://web.archive.org/web/20260202094451id_/https://github.com/conda/conda
2026-02-07,mamba-org/mamba,7907,20260207125557,https://web.archive.org/web/20260207125557id_/https://github.com/mamba-org/mamba
2026-03-02,conda/conda,7320,20260302091143,https://web.archive.org/web/20260302091143id_/https://github.com/conda/conda/
2026-03-11,prefix-dev/pixi,6544,20260311054625,https://web.archive.org/web/20260311054625id_/https://github.com/prefix-dev/pixi/
2026-03-19,mamba-org/mamba,7961,20260319045339,https://web.archive.org/web/20260319045339id_/https://github.com/mamba-org/mamba
2026-04-04,conda/conda,7357,20260404234437,https://web.archive.org/web/20260404234437id_/https://github.com/conda/conda
2026-04-04,mamba-org/mamba,7981,20260404164938,https://web.archive.org/web/20260404164938id_/https://github.com/mamba-org/mamba
2026-04-07,prefix-dev/pixi,6766,20260407115116,https://web.archive.org/web/20260407115116id_/https://github.com/prefix-dev/pixi
2026-05-02,mamba-org/mamba,8001,20260502004319,https://web.archive.org/web/20260502004319id_/https://github.com/mamba-org/mamba
2026-05-12,conda/conda,7400,20260512014635,https://web.archive.org/web/20260512014635id_/https://github.com/conda/conda
2026-05-27,prefix-dev/pixi,7183,20260527143801,https://web.archive.org/web/20260527143801id_/https://github.com/prefix-dev/pixi
2026-06-01,conda/conda,7418,20260601211352,https://web.archive.org/web/20260601211352id_/https://github.com/conda/conda/
2026-06-05,mamba-org/mamba,8022,20260605075305,https://web.archive.org/web/20260605075305id_/https://github.com/mamba-org/mamba
2026-06-16,prefix-dev/pixi,7285,20260616023544,https://web.archive.org/web/20260616023544id_/https://github.com/prefix-dev/pixi/
